title,creators,year,doi,issn,url,region
Coral reef carbonate accretion rates track stable gradients in seawater carbonate chemistry across the U.S. Pacific Islands,Hannah C. Barkley; Thomas A. Oliver; Ariel A. Halperin; Noah V. Pomeroy; Joy N. Smith; Rebecca M. Weible; Charles W. Young; Courtney S. Couch; Russell E. Brainard; Jennifer C. Samson,2022,,2296-7745,https://www.frontiersin.org/articles/10.3389/fmars.2022.991685,Pacific-wide
"Long-term outcomes of passive and active restoration approaches following a vessel grounding in Hawaii, USA",John T. Morris; Brittany Huntington; Courtney Couch; Shannon Ruseborn,2024,10.1007/s00338-024-02529-1,1432-0975,https://doi.org/10.1007/s00338-024-02529-1,Hawaiian Archipelago
Shifting institutional culture to develop climate solutions with Open Science,Julia Stewart Lowndes; Anna M. Holder; Emily H. Markowitz; Corey Clatterbuck; Amanda L. Bradford; Kathryn Doering; Molly H. Stevens; Stefanie Butland; Devan Burke; Sean Kross; Jeffrey W. Hollister; Christine Stawitz; Margaret C. Siple; Adyan Rios; Jessica Nicole Welch; Bai Li; Farnaz Nojavan; Alexandra Davis; Erin Steiner; Josh M. London; Ileana Fenwick; Alexis Hunzinger; Juliette Verstaen; Elizabeth Holmes; Makhan Virdi; Andrew P. Barrett; Erin Robinson,2024,10.1002/ece3.11341,2045-7758,https://onlinelibrary.wiley.com/doi/abs/10.1002/ece3.11341,Unknown
Spatiotemporal trends in benthic and reef fish communities in the Mariana Archipelago,Laura Gajdzik; Kurt Ingeman; T.L. Kindinger; Thomas Oliver,2023,,,https://doi.org/10.25923/7efh-qt23,Mariana Archipelago
Oceanic productivity and high-frequency temperature variability—not human habitation—supports calcifier abundance on central Pacific coral reefs,Brittany Huntington; Bernardo Vargas-Ángel; Courtney S. Couch; Hannah C. Barkley; Melanie Abecassis,2022,10.3389/fmars.2022.1075972,2296-7745,https://www.frontiersin.org/articles/10.3389/fmars.2022.1075972,Pacific-wide
Carbonate budget assessments in the U.S. Pacific Islands: report of methods comparison results and summary of standard operating procedures,Hannah C. Barkley; Rebecca M. Weible; Ariel A. Halperin; Candace E. Alagata; Tye Kindinger; Damaris Torres-Pulliza; Mia S. Lamirand; Brittany E. Huntington; Courtney S. Couch; Corinne G. Amir; Nicole I. Besemer; Jonathan A. Charendoff; Jon Ehrenberg; Joao D. Garriques; Andrew E. Gray; Nathan Hayes; Kurt E. Ingeman; Lori H. Luers; Kaylyn S. McCoy; Noah V. Pomeroy; Joy N. Smith; Bernardo Vargas-Ángel; Erica K. Towle; Jennifer C. Samson,2023,,,https://repository.library.noaa.gov/view/noaa/56372,Pacific-wide
Quantifying corallivory from Structure-from-Motion models,Daniela Escontrela Dieguez; Roseanna Lee; Tye L. Kindinger; Courtney S. Couch; Jonathan Charendoff,2023,,,https://repository.library.noaa.gov/view/noaa/55821,Unknown
Development of a Semi-automated Coral Bleaching Classifier in CoralNet: A Summary of Standard Operating Procedures and Report of Results,Jon Ehrenburg; Morgan Winston; Thomas Oliver; Courtney Couch,2022,,,https://repository.library.noaa.gov/view/noaa/47285,Unknown
Rapid assessments of Pacific Ocean net coral reef carbonate budgets and net calcification following the 2014–2017 global coral bleaching event,Travis A. Courtney; Hannah C. Barkley; Stephen Chan; Courtney S. Couch; Tye L. Kindinger; Thomas A. Oliver; David J. Kriegman; Andreas J. Andersson,2022,10.1002/lno.12159,1939-5590,https://onlinelibrary.wiley.com/doi/abs/10.1002/lno.12159,Pacific-wide
Multi-Factor Coral Disease Risk: A new product for early warning and management,Jamie M. Caldwell; Gang Liu; Erick Geiger; Scott F. Heron; C. Mark Eakin; Jacqueline De La Cour; Austin Greene; Laurie Raymundo; Jen Dryden; Audrey Schlaff; Jessica S. Stella; Tye L. Kindinger; Courtney S. Couch; Douglas Fenner; Whitney Hoot; Derek Manzello; Megan J. Donahue,2024,10.1002/eap.2961,1939-5582,https://onlinelibrary.wiley.com/doi/abs/10.1002/eap.2961,Unknown
Modeling Tools to Help Assess the Distribution of Priority Reef Fish Species for Jurisdictional Coral Reef Fishery Management Plans in Guam,Jessica N. Perelman; Kisei R. Tanaka; Justin J. Suca; Thomas A. Oliver; Laura Gajdzik,2024,,,https://repository.library.noaa.gov/view/noaa/60581,Mariana Archipelago
Study Design and Analytical Guidance for Assessing Restoration Success following Vessel Groundings on Coral Reefs,Brittany Huntington; Courtney S. Couch; John T. Morris; Shannon L. Ruseborn,2024,,,https://repository.library.noaa.gov/view/noaa/56569,Unknown
Coral Reef Ecosystem Division standard operating procedures: data collection for Rapid Ecological Assessment fish surveys.,Paula Ayotte; Kaylyn McCoy; Adel Heenan; Ivor Williams; Jill Zamzow,2011,,,http://www.pifsc.noaa.gov/library/pubs/admin/PIFSC_Admin_Rep_15-07.pdf,Unknown
Subsurface temperature estimates from a Regional Ocean Modelling System (ROMS) reanalysis provide accurate coral heat stress indices across the Main Hawaiian Islands,Jessica N. Perelman; Kisei R. Tanaka; Joy N. Smith; Hannah C. Barkley; Brian S. Powell,2024,10.1038/s41598-024-56865-x,2045-2322,https://www.nature.com/articles/s41598-024-56865-x,Hawaiian Archipelago
Measuring coral vital rates using TagLab semi-automatic coral segmentation and temporal linking across fixed sites: standard operating procedures and time savings estimates,C Amir; T. Oliver; M Lamirand; C.S. Couch,2023,,,https://doi.org/10.25923/s2ym-tn10,Unknown
"Large-area imaging in tropical shallow water coral reef monitoring, research and restoration:  A practical guide to survey planning, execution, and data extraction",Clinton B. Edwards; T.S. Viehman; T. Battista; M.A. Bollinger; J. Charendoff; S Cook; I. Combs; C.S. Couch; R. Ferrari; W. Figueira; A.C.R. Gleason; S. Gordon; W. Greene; F. Kuester; O. McCarthy; T. Oliver; N.E. Pedersen; V. Petrovic; S. Rojano; H. Runyan; S. A. Sandin; B.J. Zgliczynski,2023,,,https://repository.library.noaa.gov/view/noaa/55814,Unknown
Explaining Spatial Variation in Coral Size Structure in American Samoa.,Marie H. Ferguson,2017,,,http://hdl.handle.net/10125/62648,American Samoa
Repeat bleaching of a central Pacific coral reef over the past six decades (1960–2016),Hannah C. Barkley; Anne L. Cohen; Nathaniel R. Mollica; Russell E. Brainard; Hanny E. Rivera; Thomas M. DeCarlo; George P. Lohmann; Elizabeth J. Drenkard; Alice E. Alpert; Charles W. Young; Bernardo Vargas-Ángel; Kevin C. Lino; Thomas A. Oliver; Kathryn R. Pietro; Victoria H. Luu,2018,10.1038/s42003-018-0183-7,2399-3642,https://www.nature.com/articles/s42003-018-0183-7,Pacific-wide
Sediment Pollution Changing Aua Reefs,,2024,,,https://www.ncei.noaa.gov/data/oceans/coris/library/NOAA/CRCP/NMFS/PIFSC/Projects/31303/Smith2024a_Aua_LBSP_Brochure.pdf,American Samoa
Linking watershed activities to reef health in American Samoa: land-based sources of pollution impacts on Aua coral reefs,,2024,,,https://www.ncei.noaa.gov/data/oceans/coris/library/NOAA/CRCP/NMFS/PIFSC/Projects/31303/Smith2024_Aua_LBSP_Project_Report.pdf,American Samoa
Herbivory through the lens of ecological processes across Pacific coral reefs,Tye L. Kindinger; Thomas C. Adam; Julia K. Baum; Sean A. Dimoff; Andrew S. Hoey; Ivor D. Williams,2024,10.1002/ecs2.4791,2150-8925,https://onlinelibrary.wiley.com/doi/abs/10.1002/ecs2.4791,Pacific-wide
Cumulative trophic curves elucidate tropical coral reef ecosystems,Jason S. Link; Fabio Pranovi; Matteo Zucchetta; Tye L. Kindinger; Adel Heenan; Kisei R. Tanaka,2024,,2296-7745,https://www.frontiersin.org/articles/10.3389/fmars.2023.1324053,Unknown
A simulation framework for evaluating multiple fishery-independent survey strategies in the Main Hawaiian Islands,Kisei R. Tanaka; Thomas. A Oliver,2022,10.25923/DQAF-WA04,,https://library.oarcloud.noaa.gov/noaa_documents.lib/NMFS/PIFSC/TM_NMFS_PIFSC/NOAA_Tech_Memo_PIFSC_134.pdf,Hawaiian Archipelago
2022 Ecosystem Status Report for Hawaiʻi,Jamison Gove; J.A. Maynard; J. Lecky; D.P. Tracey; M.E. Allen; G.P. Asner; E. Conklin; C.S. Couch; K. Hum; R.J. Ingram; T.L. Kindinger; K. Leong; K.L.L. Oleson; E.K. Towle; R. van Hooidonk; G.J. Williams; J. Hospital,2022,,,https://repository.library.noaa.gov/view/noaa/49331,Hawaiian Archipelago
Kahekili Herbivore Fisheries Management Area: 2022 Results,Tye Kindinger,2023,,,,Hawaiian Archipelago
Geological age and environments shape reef habitat structure,Mollie Asbury; Nina M. D. Schiettekatte; Courtney S. Couch; Thomas Oliver; John H. R. Burns; Joshua S. Madin,2023,10.1111/geb.13691,1466-8238,https://onlinelibrary.wiley.com/doi/abs/10.1111/geb.13691,Unknown
Increasing hypoxia on global coral reefs under ocean warming,Ariel K. Pezner; Travis A. Courtney; Hannah C. Barkley; Wen-Chen Chou; Hui-Chuan Chu; Samantha M. Clements; Tyler Cyronak; Michael D. DeGrandpre; Samuel A. H. Kekuewa; David I. Kline; Yi-Bei Liang; Todd R. Martz; Satoshi Mitarai; Heather N. Page; Max S. Rintoul; Jennifer E. Smith; Keryea Soong; Yuichiro Takeshita; Martin Tresguerres; Yi Wei; Kimberly K. Yates; Andreas J. Andersson,2023,10.1038/s41558-023-01619-2,1758-6798,https://www.nature.com/articles/s41558-023-01619-2,Unknown
Predicting Coral Reef Carbonate Chemistry Through Statistical Modeling: Constraining Nearshore Residence Time Around Guam,Heidi K. Hirsh; Thomas A. Oliver; Hannah C. Barkley; Johanna L. K. Wren; Stephen G. Monismith; Derek P. Manzello; Ian C. Enochs,2023,10.1007/s10498-023-09411-6,1573-1421,https://doi.org/10.1007/s10498-023-09411-6,Mariana Archipelago
Coral cover remains suppressed three years after derelict net removal in a remote shallow water coral reef ecosystem,Ariel A. Halperin; Frances Lichowski; James Morioka; Kevin O'Brien; Rhonda Suka; Brittany Huntington,2023,10.1016/j.marpolbul.2023.114703,0025326X,https://linkinghub.elsevier.com/retrieve/pii/S0025326X23001340,Unknown
"Human, Oceanographic and Habitat Drivers of Central and Western Pacific Coral Reef Fish Assemblages",Ivor D. Williams; Julia K. Baum; Adel Heenan; Katharine M. Hanson; Marc O. Nadon; Russell E. Brainard,2015,10.1371/journal.pone.0120516,1932-6203,http://dx.plos.org/10.1371/journal.pone.0120516,Pacific-wide
"A 'perfect storm' of cumulative and acute heat stress, and a warming trend, lead to bleaching events in Tutuila, American Samoa",Joy Smith; Ariel Halperin; Hannah Barkley,2022,,,https://doi.org/10.25923/yphg-pq04,American Samoa
The Rarity of Depth Refugia from Coral Bleaching Heat Stress in the Western and Central Pacific Islands,Roberto M. Venegas; Thomas Oliver; Gang Liu; Scott F. Heron; S. Jeanette Clark; Noah Pomeroy; Charles Young; C. Mark Eakin; Russell E. Brainard,2019,10.1038/s41598-019-56232-1,2045-2322,http://www.nature.com/articles/s41598-019-56232-1,Pacific-wide
A National Status Report on United States Coral Reefs Based on 2012–2018 Data From National Oceanic and Atmospheric Administration’s National Coral Reef Monitoring Program,Erica K. Towle; E. Caroline Donovan; Heath Kelsey; Mary E. Allen; Hannah Barkley; Jeremiah Blondeau; Russell E. Brainard; Annie Carew; Courtney S. Couch; Maria K. Dillard; C. Mark Eakin; Kimberly Edwards; Peter E. T. Edwards; Ian C. Enochs; Chloe S. Fleming; Alexandra S. Fries; Erick F. Geiger; Laura Jay Grove; Sarah H. Groves; Matthew Gorstein; Adel Heenan; Matthew W. Johnson; Justine Kimball; Jennifer L. Koss; Tye Kindinger; Arielle Levine; Derek P. Manzello; Nathan Miller; Thomas Oliver; Jennifer C. Samson; Dione Swanson; Bernardo Vargas-Ángel; T. Shay Viehman; Ivor D. Williams,2022,,2296-7745,https://www.frontiersin.org/articles/10.3389/fmars.2021.812216,Unknown
Length-Based Assessment of Coral Reef Fish Populations in the Main and Northwestern Hawaiian Islands,Marc O. Nadon; Jerald S. Ault; Ivor D. Williams; Steven G. Smith; Gerard T. DiNardo; Sebastian C. A. Ferse,2015,10.1371/journal.pone.0133960,1932-6203,https://dx.plos.org/10.1371/journal.pone.0133960,Hawaiian Archipelago
Coral taxonomy and local stressors drive bleaching prevalence across the Hawaiian Archipelago in 2019,Morgan Winston; Thomas Oliver; Courtney Couch; Mary K. Donovan; Gregory P. Asner; Eric Conklin; Kimberly Fuller; Bryant W. Grady; Brittany Huntington; Kazuki Kageyama; Tye L. Kindinger; Kelly Kozar; Lindsey Kramer; Tatiana Martinez; Amanda McCutcheon; Sheila McKenna; Ku‘ulei Rodgers; Cameron Kaʻilikea Shayler; Bernardo Vargas-Angel; Brian Zgliczynski,2022,10.1371/journal.pone.0269068,1932-6203,https://journals.plos.org/plosone/article?id=10.1371/journal.pone.0269068,Hawaiian Archipelago
Ecological Impacts of the 2015/16 El Niño in the Central Equatorial Pacific,Russell E. Brainard; Thomas Oliver; Michael J. McPhaden; Anne Cohen; Roberto Venegas; Adel Heenan; Bernardo Vargas-Ángel; Randi Rotjan; Sangeeta Mangubhai; Elizabeth Flint; Susan A. Hunter,2018,10.1175/BAMS-D-17-0128.1,"0003-0007, 1520-0477",https://journals.ametsoc.org/doi/10.1175/BAMS-D-17-0128.1,Pacific-wide
Extracting Coral Vital Rate Estimates at Fixed Sites Using Structure-from-Motion Standard Operating Procedures,Caroline Rodriguez; Corinne Amir; Andrew Gray; Mollie Asbury; Rhonda Suka; Mia Lamarind; Courtney S. Couch; Thomas Oliver,2021,10.25923/A9SE-K649,,https://repository.library.noaa.gov/view/noaa/32739,Unknown
"Spatial distribution and sources of nutrients at two coastal developments in South Kohala, Hawai'i",Jazmine Panelo; Tracy N. Wiegner; Steven L. Colbert; Stuart Goldberg; Leilani M. Abaya; Eric Conklin; Courtney Couch; Kimberly Falinski; Jamison Gove; Lani Watson; Chad Wiggins,2022,10.1016/j.marpolbul.2021.113143,0025-326X,https://www.sciencedirect.com/science/article/pii/S0025326X21011772,Hawaiian Archipelago
Movement and retention of derelict fishing nets in Northwestern Hawaiian Island reefs,Kaylyn S. McCoy; Brittany Huntington; Tye L. Kindinger; James Morioka; Kevin O'Brien,2022,10.1016/j.marpolbul.2021.113261,0025326X,https://linkinghub.elsevier.com/retrieve/pii/S0025326X21012959,Hawaiian Archipelago
Analysis of Benthic Survey Images via CoralNet: A Summary of Standard Operating Procedures and Guidelines (2022 update),Mia Lamirand; Paula Lozada-Misa; Bernardo Vargas-Ángel; Courtney Couch; Brett D. Schumacher; Morgan Winston,2022,,,https://doi.org/10.25923/nhx2-6j45,Unknown
"Ecosystem Sciences Division Standard Operating Procedures: Data Collection for Rapid Ecological Assessment Benthic Surveys, 2018 Update",Morgan Winston; Courtney S. Couch; Marie Ferguson; Brittany Huntington; Dione W. Swanson; Bernardo Vargas-Ángel,2019,10.25923/w1k2-0y84,,https://repository.library.noaa.gov/view/noaa/22060,Unknown
Processing Photomosaic Imagery of Coral Reefs Using Structure-from-Motion Standard Operating Procedures,Rhonda Suka; Mollie Asbury; Andrew Elisha Gray; Morgan Winston; Thomas (Thomas Andrew) Oliver; Courtney S. Couch,2019,10.25923/H2Q8-JV47,,https://repository.library.noaa.gov/view/noaa/22753,Unknown
Ecosystem Sciences Division Standard Operating Procedures: Data Collection for Rapid Ecological Assessment Benthic Surveys: 2019 update,Morgan Winston; Courtney Couch; Brittany Huntington; Bernardo Vargas-Ángel,2020,10.25923/WS5S-KM69,,https://repository.library.noaa.gov/view/noaa/23951,Unknown
"Status and Trends Assessment for Land-based Sources of Pollution Impacts on Benthic Reef Communities in Faga‘alu Bay, American Samoa",Bernardo Vargas-Ángel; Brittany Huntington,2020,10.25923/0GVJ-ZM69,,https://repository.library.noaa.gov/view/noaa/27088,American Samoa
"Status and Trends Assessment of Benthic Coral Reef Communities in Vatia Bay, American Samoa, 2015–2020",Bernardo Vargas-Ángel; Brittany Huntington,2020,,,,American Samoa
Spatial Prioritization under Resilience Based Management: Evaluating Trade-offs among Prioritization Strategies,Thomas A. Oliver; Justin Hospital; Russell E. Brainard,2020,10.25923/XDF2-T259,,https://repository.library.noaa.gov/view/noaa/24935,Unknown
Leveraging Automated Image Analysis Tools to Transform Our Capacity to Assess Status and Trends of Coral Reefs,Ivor D. Williams; Courtney S. Couch; Oscar Beijbom; Thomas A. Oliver; Bernardo Vargas-Angel; Brett D. Schumacher; Russell E. Brainard,2019,10.3389/fmars.2019.00222,2296-7745,https://www.frontiersin.org/article/10.3389/fmars.2019.00222/full,Unknown
Managing Local Stressors for Coral Reef Condition and Ecosystem Services Delivery Under Climate Scenarios,Mariska Weijerman; Lindsay Veazey; Susan Yee; Kellie Vaché; Jade M. S. Delevaux; Mary K. Donovan; Kim Falinski; Joey Lecky; Kirsten L. L. Oleson,2018,10.3389/fmars.2018.00425,2296-7745,https://www.frontiersin.org/article/10.3389/fmars.2018.00425/full,Unknown
Comparing coral demographic surveys from in situ observations and Structure-from-Motion imagery shows low methodological bias,Courtney Couch; Rhonda Suka; Thomas Oliver; Mia Lamirand; Mollie Asbury; Corinne Amir; Bernardo Vargas-Angel; Morgan Winston; Brittany Huntington; Frances Lichowski; Ariel Halperin; Andrew Gray; Joao Garriques; Raymond Boland; Noah Pomeroy; Jennifer Samson,2021,10.25923/307k-fk90,,https://repository.library.noaa.gov/view/noaa/28172,Unknown
Comparing Coral Colony Surveys From In-Water Observations and Structure-From-Motion Imagery Shows Low Methodological Bias,Courtney S. Couch; Thomas A. Oliver; Rhonda Suka; Mia Lamirand; Mollie Asbury; Corinne Amir; Bernardo Vargas-Ángel; Morgan Winston; Brittany Huntington; Frances Lichowski; Ariel Halperin; Andrew Gray; Joao Garriques; Jennifer Samson,2021,,2296-7745,https://www.frontiersin.org/articles/10.3389/fmars.2021.647943,Unknown
"El Niño-associated catastrophic coral mortality at Jarvis Island, central Equatorial Pacific",Bernardo Vargas-Ángel; Brittany Huntington; Russell E. Brainard; Roberto Venegas; Thomas Oliver; Hannah Barkley; Anne Cohen,2019,10.1007/s00338-019-01838-0,"0722-4028, 1432-0975",http://link.springer.com/10.1007/s00338-019-01838-0,Pacific Remote Island Areas
Early successional trajectory of benthic community in an uninhabited reef system three years after mass coral bleaching,Brittany Huntington; Rebecca Weible; Ariel Halperin; Morgan Winston; Kaylyn McCoy; Corinne Amir; Jacob Asher; Bernardo Vargas-Angel,2022,10.1007/s00338-022-02246-7,"0722-4028, 1432-0975",https://link.springer.com/10.1007/s00338-022-02246-7,Unknown
The apparent extent of recovery of reefs of Australia's Great Barrier Reef devastated by the crown-of-thorns starfish,R. Endean; W. Stablum,1973,,,,Unknown
Distribution of recent outbreaks of the crown-of-thorns starfish (Acanthaster planci) along the Great Barrier Reef: 1985-1986,P. J. Moran; R. H. Bradbury; R. E. Reichelt,1988,,,,Unknown
Effect of the distribution and density of benthic target organisms on manta tow estimates of their abundance,L. Fernandes,1990,,,,Unknown
Suitability of the manta tow technique for estimating relative and absolute abundances of crown-of-thorns starfish (Acanthaster planci L) and corals,P. J. Moran; G. Death,1992,,,,Unknown
Habitat thresholds and bottlenecks in production of the spiny lobster (Panulirus marginatus) in the Northwestern Hawaiian islands,Frank A. Parrish; Jeffrey J. Polovina,1994,,,,Hawaiian Archipelago
Effects of training on observer performance in assessing benthic cover by means of the manta tow technique,I. R. Miller; G. De'ath,1996,10.1071/MF9960019,1323-1650,http://www.publish.csiro.au/?paper=MF9960019,Unknown
The Challenge of Siphonous Green Algae,Peter Vroom; Celia Smith,2001,10.1511/2001.6.524,0003-0996,http://www.americanscientist.org/issues/feature/2001/6/the-challenge-of-siphonous-green-algae,Unknown
Biological enhancement at cyclonic eddies tracked with GOES Thermal Imagery in Hawaiian waters,Michael P. Seki; Jeffrey J. Polovina; Russell E. Brainard; Robert R. Bidigare; Carrie L. Leonard; David G. Foley,2001,10.1029/2000GL012439,00948276,http://doi.wiley.com/10.1029/2000GL012439,Hawaiian Archipelago
"Asexual propagation in the coral reef macroalga Halimeda (Chlorophyta, Bryopsidales): production, dispersal and attachment of small fragments",Linda J. Walters; Celia M. Smith; James A. Coyer; Cynthia L. Hunter; Kevin S. Beach; Peter S. Vroom,2002,10.1016/S0022-0981(02)00335-0,00220981,http://linkinghub.elsevier.com/retrieve/pii/S0022098102003350,Unknown
"Reproductive features of Hawaiian Halimeda velasquezii (Bryopsidales, Chlorophyta), and an evolutionary assessment of reproductive characters in Halimeda",Peter S. Vroom; Celia M. Smith,2003,,,,Hawaiian Archipelago
Validity and reproducibility of benthic cover estimates made during broadscale surveys of coral reefs by manta tow,I. Miller; R. Müller,1999,10.1007/s003380050212,0722-4028,http://link.springer.com/10.1007/s003380050212,Unknown
Mitigation of environmental impacts of derelict fishing gear through debris removal and environmental monitoring,M. J. Donohue; R. E. Brainard; M. Parke; D. G. Foley,2000,,,,Unknown
"The abundance, distribution and sources of derelict fishing gear",R. E. Brainard; M. J. Foley; M. J. O'Donohue,2000,,,,Unknown
Diel horizontal migration of the Hawaiian mesopelagic boundary community observed acoustically,K. J. Benoit-Bird; W. W. L. Au; R. E. Brainard; M. O. Lammers,2001,10.3354/meps217001,0171-8630,http://www.int-res.com/abstracts/meps/v217/p1-14/,Hawaiian Archipelago
The State of Coral Reef Ecosystems of the United States and Pacific Freely Associated States: 2002,D. Turgeon; R. Asch; B. Causey; R. Dodge; W. Jaap; K. Banks; J. Delaney; B. Keller; R. Speiler; C. Matos; J. R. Garcia; E. Diaz; D. Catanzaro; C. Rogers; Z. Hillis-Starr; R. Nemeth; M. Taylor; G. Scmahl; M. Miller; D. Gulko; J. Maragos; A. Friedlander; C. Hunter; R. Brainard; P. Craig; R. Richmond; G. Davis; J. Starmer; M. Trianni; P. Houk; C. Birkeland; A. Edward; Y. Golbuu; J. Gutierrez; N. Idechong; G. Paulay; A. Tafileichig; N. Vander Velde,2002,,,,Pacific-wide
"VARIABILITY IN THE ECOPHYSIOLOGY OF HALIMEDA SPP. (CHLOROPHYTA, BRYOPSIDALES) ON CONCH REEF, FLORIDA KEYS, USA1",Kevin Beach; Linda Walters; Peter Vroom; Celia Smith; James Coyer; Cynthia Hunter,2003,10.1046/j.1529-8817.2003.02147.x,00223646,http://doi.wiley.com/10.1046/j.1529-8817.2003.02147.x,Unknown
NOAA satellites give early warning for coral bleaching in Northwestern Hawaii Archipelago,A. E. Strong; R. E. Brainard,2003,,,,Hawaiian Archipelago
"Field biology of Halimeda tuna (Bryopsidales, Chlorophyta) across a depth gradient: comparative growth, survivorship, recruitment, and reproduction",Peter S. Vroom; Celia M. Smith; James A. Coyer; Linda J. Walters; Cynthia L. Hunter; Kevin S. Beach; Jennifer E. Smith,2003,10.1023/A:1026287816324,00188158,http://link.springer.com/10.1023/A:1026287816324,Unknown
"The impact of Dictyota spp. on Halimeda populations of Conch Reef, Florida Keys",Kevin Beach; Linda Walters; Heidi Borgeas; Celia Smith; James Coyer; Peter Vroom,2003,10.1016/j.jembe.2003.07.003,00220981,,Unknown
Life without cells,Peter S. Vroom; Celia M. Smith,2003,,,,Unknown
"Scinaia huismanii sp. nov. (Nemaliales, Rhodophyta): an addition to the exploration of the marine algae of the northwestern Hawaiian Islands",Peter S. Vroom; Isabella A. Abbott,2004,10.2216/i0031-8884-43-4-445.1,0031-8884,http://www.phycologia.org/doi/abs/10.2216/i0031-8884-43-4-445.1,Hawaiian Archipelago
"Acrosymphyton brainardii sp. nov. (Gigartinales, Rhodophyta) from French Frigate Shoals, northwestern Hawaiian Islands",Peter S. Vroom; Isabella A. Abbott,2004,10.2216/i0031-8884-43-1-66.1,0031-8884,http://www.phycologia.org/doi/abs/10.2216/i0031-8884-43-1-66.1,Hawaiian Archipelago
"Nutrient and growth dynamics of Halimeda tuna on Conch Reef, Florida Keys: Possible influence of internal tides on nutrient status and physiology",Jennifer E. Smith; Celia M. Smith; Peter S. Vroom; Kevin L. Beach; Steven Miller,2004,10.4319/lo.2004.49.6.1923,00243590,http://doi.wiley.com/10.4319/lo.2004.49.6.1923,Unknown
From Tides to Mixing Along the Hawaiian Ridge,D. L. Rudnick; T. J. Boyd; R. E. Brainard; G. S. Carter; G. D. Egbert; M. C. Gregg; P. E. Holloway; J. M. Klymak; E. Kunze; C. M. Lee; M. D. Levine; D. S. Luther; J. P. Martin; M. A. Merrifield; J. N. Moum; J. D. Nash; R. Pinkel; L. Rainville; T. B. Sanford,2003,10.1126/science.1085837,0036-8075,http://www.sciencemag.org/cgi/doi/10.1126/science.1085837,Hawaiian Archipelago
On the seasonal and interannual migrations of the transition zone chlorophyll front,Steven J. Bograd; David G. Foley; Franklin B. Schwing; Cara Wilson; R. Michael Laurs; Jeffrey J. Polovina; Evan A. Howell; Russell E. Brainard,2004,10.1029/2004GL020637,00948276,http://doi.wiley.com/10.1029/2004GL020637,Unknown
Migrations of green turtles in the central South Pacific,P. Craig; D. Parker; R. Brainard; M. Rice; G. H. Balazs,2004,10.1016/S0006-3207(03)00217-9,00063207,http://linkinghub.elsevier.com/retrieve/pii/S0006320703002179,Pacific-wide
"Dasya atropurpurea sp. nov. (Ceramiales, Rhodophyta), a deep-water species from the Hawaiian Archipelago",Peter S. Vroom,2005,10.2216/0031-8884(2005)44[572:DASNCR]2.0.CO;2,0031-8884,http://www.phycologia.org/doi/abs/10.2216/0031-8884%282005%2944%5B572%3ADASNCR%5D2.0.CO%3B2,Hawaiian Archipelago
A rapid ecological assessment (REA) quantitative survey method for benthic algae using photo quadrats with SCUBA,Linda B. Preskitt; Peter S. Vroom; Celia Marie Smith,2004,10.1353/psc.2004.0021,,http://muse.jhu.edu/content/crossref/journals/pacific_science/v058/58.2preskitt.pdf,Unknown
Sea turtle abundance at isolated reefs of the Mariana archipelago.,Steven P. Kolinski; Ronald K. Hoeke; Stephani R. Holzwarth; Peter S. Vroom,2005,,,,Mariana Archipelago
The State of Coral Reef Ecosystems of the Pacific Remote Island Areas,Joyce Miller; Jim Maragos; Russell Brainard; Jacob Asher; Bernardo Vargas-ángel; Jean Kenyon; Robert Schroeder; Marc Nadon; Peter Vroom; Amy Hall; Elizabeth Keenan; Molly Timmers; Jamison Gove; Ellen Smith; Jonathan Weiss; Emily Lundblad; Scott Ferguson; Frances Lichowski; John Rooney,2005,,,,Pacific-wide
Hurricane-induced propagation and rapid regrowth of the weedy brown alga Dictyota in the Florida Keys,Peter Vroom; Linda Walters; Kevin Beach; James Coyer; Jennifer Smith; Marie-Josée Abgrall; Dorothy Byron; Kathryn DeAngelis; Brenda Konar; Julie Liss; Ryan Okano; Cassandra Roberts; Laura Herren; Monica Woo; Celia Smith,2005,,,,Unknown
Temporal variability of current-driven upwelling at Jarvis Island,Jamison M. Gove; Mark A. Merrifield; Russell E. Brainard,2006,10.1029/2005JC003161,0148-0227,http://doi.wiley.com/10.1029/2005JC003161,Pacific Remote Island Areas
"Spatial heterogeneity of benthic community assemblages with an emphasis on reef algae at French Frigate Shoals, Northwestern Hawai'ian Islands",P. S. Vroom; K. N. Page; K. A. Peyton; J. K. Kukea-Shultz,2005,10.1007/s00338-005-0028-y,,,Hawaiian Archipelago
The role of oceanographic conditions and reef morphology in the 2002 coral bleaching event in the Northwestern Hawaiian Islands,R. Hoeke; R. Brainard; R. Moffitt; M. Merrifield; W. Skirving,2006,,,,Hawaiian Archipelago
Ten years of shipboard ADCP measurements along the Northwestern Hawaiian Islands,J. Firing; R. Brainard,2006,,,,Hawaiian Archipelago
"Marine Algae of French Frigate Shoals, Northwestern Hawaiian Islands: Species List and Biogeographic Comparisons",Peter S. Vroom; Kimberly N. Page; Kimberly a Peyton; J. Kanekoa Kukea-Shultz,2006,10.1353/psc.2005.0063,1534-6188,http://muse.jhu.edu/content/crossref/journals/pacific_science/v060/60.1vroom.pdf,Hawaiian Archipelago
Mass coral bleaching on high-latitude reefs in the Hawaiian Archipelago,J. C. Kenyon; G. S. Aeby; R. E. Brainard; J. D. Chojnacki; M. J. Dunlap; C. B. Wilkinson,2006,,,,Hawaiian Archipelago
Algae-dominated reefs,Peter S. Vroom; Kimberly N. Page; Jean C. Kenyon; Russell E. Brainard,2006,10.1511/2006.61.430,00030996,,Unknown
"Distribution and abundance of the pearl oyster, pinctada margarifera",E. E. Keenan; R. E. Brainard; L. V. Basch,2006,,,,Unknown
"Towed-Diver Surveys, a Method for Mesoscale Spatial Assessment of Benthic Reef Habitat: A Case Study at Midway Atoll in the Hawaiian Archipelago",Jean C. Kenyon; Russell E. Brainard; Ronald K. Hoeke; Frank A. Parrish; Casey B. Wilkinson,2006,10.1080/08920750600686711,0892-0753,,Hawaiian Archipelago
Relative abundance of macroalgae (RAM) on Northwestern Hawaiian Island reefs.,Peter S. Vroom; Kimberly N. Page,2006,,,,Hawaiian Archipelago
"Nearshore Distribution and an Abundance Estimate for Green Sea Turtles, Chelonia mydas, at Rota Island, Commonwealth of the Northern Mariana Islands",Steven P. Kolinski; Ronald K. Hoeke; Stephani R. Holzwarth; Larry I. Ilo; Evelyn F. Cox; Robert C. O'Conner; Peter S. Vroom,2006,10.1353/psc.2006.0032,1534-6188,http://muse.jhu.edu/content/crossref/journals/pacific_science/v060/60.4kolinski.pdf,Mariana Archipelago
"Community Structure of Hermatypic Corals at French Frigate Shoals, Northwestern Hawaiian Islands: Capacity for Resistance and Resilience to Selective Stressors",Jean C. Kenyon; Peter S. Vroom; Kimberly N. Page; Matthew J. Dunlap; Casey B. Wilkinson; Greta S. Aeby,2006,10.1353/psc.2006.0006,1534-6188,http://muse.jhu.edu/content/crossref/journals/pacific_science/v060/60.2kenyon.pdf,Hawaiian Archipelago
Oceanographic conditions implicated in the 2002 Northwestern Hawaiian Islands bleaching event,R. Hoeke; R. Brainard; R. Moffitt; J. Kenyon,2006,,,,Hawaiian Archipelago
Diurnal trends in the mid-water biomass community of the Northwestern Hawaiian Islands observed acoustically,M. O. Lammers; R. E. Brainard; W. L. Au,2006,,,,Hawaiian Archipelago
"Phylogeny and taxonomy of Halimeda incrassata, including descriptions of H. kanaloana and H. heteromorpha spp. nov. (Bryopsidales, Chlorophyta)",H. Verbruggen; O. De Clerck; A. D. R. N'Yeurt; H. Spalding; P. S. Vroom,2006,,,,Unknown
Second recorded episode of mass coral bleaching in the Northwestern Hawaiian Islands,J. C. Kenyon; R. E. Brainard,2006,,,,Hawaiian Archipelago
Marine debris collects within the North Pacific Subtropical Convergence Zone,William G. Pichel; James H. Churnside; Timothy S. Veenstra; David G. Foley; Karen S. Friedman; Russell E. Brainard; Jeremy B. Nicoll; Quanan Zheng; Pablo Clemente-Colón,2007,10.1016/j.marpolbul.2007.04.010,0025326X,http://linkinghub.elsevier.com/retrieve/pii/S0025326X07001397,Pacific-wide
CORAL HEALTH AND DISEASE ASSESSMENT IN THE U.S. PACIFIC TERRITORIES AND AFFILIATED STATES,Bernardo Vargas-Ángel; Benjamin Wheeler,2008,,,https://www.pifsc.noaa.gov/library/pubs/VargasAngel_ICRS_2009.pdf,Pacific-wide
Marine debris accumulation in the Northwestern Hawaiian Islands: An examination of rates and processes,Oliver J. Dameron; Michael Parke; Mark A. Albins; Russell Brainard,2007,10.1016/j.marpolbul.2006.11.019,0025326X,http://linkinghub.elsevier.com/retrieve/pii/S0025326X06005078,Hawaiian Archipelago
Rare sighting of Acropora cytherea in the main Hawaiian Islands,Jean Kenyon; Scott Godwin; Anthony Montgomery; Russell Brainard,2007,10.1007/s00338-007-0198-x,0722-4028,http://link.springer.com/10.1007/s00338-007-0198-x,Hawaiian Archipelago
"Community Structure of Hermatypic Corals at Pearl and Hermes Atoll, Northwestern Hawaiian Islands: Unique Conservation Challenges Within the Hawaiian Archipelago",Jean C. Kenyon; Matthew J. Dunlap; Casey B. Wilkinson; Kimberly N. Page; Peter S. Vroom; Greta S. Aeby,2007,,,,Hawaiian Archipelago
Temporal and spatial comparison of the relative abundance of macroalgae across the Mariana Archipelago between 2003 and 2005,A. D. Tribollet; P. S. Vroom,2007,10.2216/06-46.1,,,Mariana Archipelago
Coral Reef Ecosystem Monitoring Report for American Samoa: 2002 – 2006,R. Brainard; J. Asher; J. Gove; J. Helyer; J. Kenyon; F. Mancini; J. Miller; S. Myhre; M. Nadon; J. Rooney; R. Schroeder; E. Smith; B. Vargas-Angel; S. Vogt; P. Vroom; S. Balwani; S. Ferguson; R. Hoeke; M. Lammers; E. Lundblad; R. Moffitt; M. Timmers; O. Vetter; P. Craig; J. Maragos,2008,,,,American Samoa
Assessing the importance of fishing impacts on Hawaiian coral reef fish assemblages along regional-scale human population gradients,I. D. Williams; W. J. Walsh; R. E. Schroeder; A. M. Friedlander; B. L. Richards; K. A. Stamoulis,2008,10.1017/s0376892908004876,,,Hawaiian Archipelago
"Macroalgal (Boodlea composita) bloom at Kure and Midway Atolls, Northwestern Hawaiian Islands",P. S. Vroom; J. Asher; C. L. Braun; E. Coccagna; O. J. Vetter; W. A. Cover; K. M. McCully; D. C. Potts; A. Marie; C. Vanderlip,2009,10.1515/bot.2009.001,,,Hawaiian Archipelago
An ecological acoustic recorder (EAR) for long-term monitoring of biological and anthropogenic sounds on coral reefs and other marine habitats.,Marc O. Lammers; Russell E. Brainard; Whitlow W. L. Au; T. Aran Mooney; Kevin B. Wong,2008,10.1121/1.2836780,00014966,,Unknown
"Additional marine benthic algae from Howland and Baker Islands, central Pacific",R. T. Tsuda; P. S. Vroom; I. A. Abbott; J. R. Fisher; K. B. Foster,2008,,,,Pacific Remote Island Areas
"Seafloor characterization using multibeam and optical data at French Frigate Shoals, Northwestern Hawaiian Islands",J. Weiss; J. Miller; J. Rooney,2008,,,https://www.pifsc.noaa.gov/library/pubs/Weiss_etal_ICRS_2009.pdf,Hawaiian Archipelago
"Spatial and temporal comparison of algal biodiversity and benthic cover and Gardner Pinnacles, Northwestern Hawai`ian Islands",Peter S. Vroom; Molly A. V. Timmers,2009,10.1111/j.1529-8817.2009.00666.x,00223646,http://doi.wiley.com/10.1111/j.1529-8817.2009.00666.x,Hawaiian Archipelago
"Examination of algal diversity and benthic community structure at Palmyra Atoll, U.S. Line Islands",C. L. Braun; J. E. Smith; P. S. Vroom,2009,,,,Pacific Remote Island Areas
"Invasive didemnid tunicate spreading across coral reefs at remote Swains Island, American Sāmoa",B. Vargas-Angel; L. S. Godwin; J. Asher; R. E. Brainard; B. Vargas-Ángel; L. S. Godwin; J. Asher; R. E. Brainard,2009,10.1007/s00338-008-0428-x,07224028,,American Samoa
American Samoa’s island of giants: massive Porites colonies at Ta’u island,D. P. Brown; L. Basch; D. Barshis; Z. Forsman; D. Fenner; J. Goldberg,2009,10.1007/s00338-009-0494-8,0722-4028,http://link.springer.com/10.1007/s00338-009-0494-8,American Samoa
"Benthic composition of a healthy subtropical reef: baseline species-level cover, with an emphasis on algae, in the Northwestern Hawaiian Islands",Peter S. Vroom; Cristi L. Braun; Sharyn Jane Goldstien,2010,10.1371/journal.pone.0009733,1932-6203,http://dx.plos.org/10.1371/journal.pone.0009733,Hawaiian Archipelago
Coral reef ecosystem integrated observing system: In-situ oceanographic observations at the US Pacific islands and atolls,R. K. Hoeke; J. M. Gove; E. Smith; P. Fisher-Pool; M. Lammers; D. Merrit; O. J. Vetter; C. W. Young; K. B. Wong; R. E. Brainard,2009,,,,Pacific-wide
Bringing life to ocean observation,Ron O'Dor; Juan Acosta; Odd Aksel Bergstad; Russell Brainard; John Brattey; Miquel Canals; Dan Costa; Kristina Gjerde; John Gunn; John K. Horne; Katrin Iken; John Kocik; Brenda Konar; John Payne; Chris Reid; Bruce Robison; Dirk Steinke; Edward Vanden Berge,2010,10.5270/OceanObs09.pp.29,,http://www.oceanobs09.net/proceedings/pp/pp29,Unknown
An Overview of Marine Biodiversity in United States Waters,D. Fautin; P. Dalton; L. S. Incze; J. A. C. Leong; C. Pautzke; A. Rosenberg; P. Sandifer; G. Sedberry; J. W. Tunnell; I. Abbott; R. E. Brainard; M. Brodeur; L. G. Eldredge; M. Feldman; F. Moretzsohn; P. S. Vroom; M. Wainstein; N. Wolff,2010,e11914 10.1371/journal.pone.0011914,,,Unknown
"Marine benthic algae of Johnston Atoll: new species records, spatial distribution, and taxonomic affinities with neighboring islands",Roy T. Tsuda; Isabella A. Abbott; Peter S. Vroom; Jack R. Fisher,2010,10.2984/64.4.585,0030-8870,http://www.bioone.org/doi/abs/10.2984/64.4.585,Unknown
Crustose coralline algal diseases in the U.S.-Affiliated Pacific Islands,Bernardo Vargas-Ángel,2010,10.1007/s00338-010-0646-x,,http://link.springer.com/10.1007/s00338-010-0646-x,Pacific-wide
Monitoring coral reefs from space,C. Mark Eakin; Carl Nim; Russell Brainard; Christoph Aubrecht; Chris Elvidge; Dwight Gledhill; Frank Muller-Karger; Peter Mumby; William Skirving; Alan Strong; Menghua Wang; Scarla Weeks; Frank Wentz; Daniel Ziskin,2010,10.5670/oceanog.2010.10,10428275,,Unknown
"Spatial and Temporal Comparisons of Benthic Composition at Necker Island, Northwestern Hawaiian Islands 1",Stephanie a Schopmeyer; Peter S. Vroom; Jean C. Kenyon,2011,10.2984/65.4.405,0030-8870,http://www.bioone.org/doi/abs/10.2984/65.4.405,Hawaiian Archipelago
An International Network of Coral Reef Ecosystem Observing Systems (I-CREOS),Russell E. Brainard; S. Bainbridge; R. Brinkman; Mark C. Eakin; M. Field; J.-P. Gattuso; D. Gledhill; L. Gramer; A. Green; J. Hendee; R. K. Hoeke; S. J. Holbrook; O. Hoegh-Guldberg; M. Lammers; Wong K.B,2010,10.5270/OceanObs09.cwp.09,,http://www.oceanobs09.net/proceedings/cwp/cwp09,Unknown
Spatio-temporal variability in macroalgal assemblages of American Samoa,Aline D. Tribollet; Tom Schils; Peter S. Vroom,2010,10.2216/09-63.1,0031-8884,,American Samoa
Coral reef ecosystems of the Mariana Archipelago: a 2003-2007 overview,Pacific Islands Fisheries Science Center,2010,,,,Mariana Archipelago
A global ocean acoustic observing network,B. Dushaw; W. Au; A. Beszcynska-Moller; R. Brainard,2010,,,,Unknown
A global continuous plankton recorder programme,P. C. Reid; R. E. Brainard; D. R. Kobayashi; A. N. Others,2010,10.5270/OceanObs09.cwp.73,,http://www.oceanobs09.net/proceedings/cwp/cwp73,Unknown
"New records of subtidal benthic marine algae from Wake Atoll, Central Pacific",Roy T. Tsuda; Jack R. Fisher; Peter S. Vroom; Isabella A. Abbott,2010,10.1515/BOT.2010.005,1437-4323,https://www.degruyter.com/view/j/bot.2010.53.issue-1/bot.2010.005/bot.2010.005.xml,Pacific Remote Island Areas
Marine biological community baselines in unimpacted tropical ecosystems: spatial and temporal analysis of reefs at Howland and Baker Islands,P. S. Vroom; C. A. Musburger; S. W. Cooper; J. E. Maragos; K. N. Page-Albins; M. A. V. Timmers,2010,10.1007/s10531-009-9735-y,,,Pacific Remote Island Areas
Probability sampling of stony coral populations in the Florida Keys,Steven G. Smith; Dione W. Swanson; Mark Chiappone; Steven L. Miller; Jerald S. Ault,2011,10.1007/s10661-011-1912-2,01676369,,Unknown
Catalog of coral reef life history specimens for the Hawaiian Islands,M. K. Donovan; I. D. Williams; A. M. Friedlander; K. Longnecker; J. P. Beets; B. W. Bowen; E. C. Franklin,2011,,,,Hawaiian Archipelago
Global Human Footprint on the Linkage between Biodiversity and Ecosystem Functioning in Reef Fishes,C. Mora; O. Aburto-Oropeza; A. A. Bocos; P. M. Ayotte; S. Banks; A. G. Bauman; M. Beger; S. Bessudo; D. J. Booth; E. Brokovich; A. Brooks; P. Chabanet; J. E. Cinner; J. Cortes; J. J. Cruz-Motta; A. C. Magana; E. E. DeMartini; G. J. Edgar; D. A. Feary; S. C. A. Ferse; A. M. Friedlander; K. J. Gaston; C. Gough; N. A. J. Graham; A. Green; H. Guzman; M. Hardt; M. Kulbicki; Y. Letourneur; A. L. Perez; M. Loreau; Y. Loya; C. Martinez; I. Mascarenas-Osorio; T. Morove; M. O. Nadon; Y. Nakamura; G. Paredes; N. V. C. Polunin; M. S. Pratchett; H. R. Bonilla; F. Rivera; E. Sala; S. A. Sandin; G. Soler; R. Stuart-Smith; E. Tessier; D. P. Tittensor; M. Tupper; P. Usseglio; L. Vigliola; L. Wantiez; I. D. Williams; S. K. Wilson; F. A. Zapata,2011,,,,Unknown
A towed-diver survey method for mesoscale fishery-independent assessment of large-bodied reef fishes,Benjamin L. Richards; Ivor D. Williams; Marc O. Nadon; Brian J. Zgliczynski,2011,10.5343/bms.2010.1019,00074977,,Unknown
Projected Changes to Growth and Mortality of Hawaiian Corals over the Next 100 Years,R. K. Hoeke; P. L. Jokiel; R. W. Buddemeier; R. E. Brainard,2011,10.1371/journal.pone.0018038,,,Hawaiian Archipelago
Status Review Report of 82 Candidate Coral Species Petitioned Under the U.S. Endangered Species Act,R. E. Brainard; C. Birkeland; C. M. Eakin; P. McElhany; M. W. Miller; M. Patterson; G. A. Piniak,2011,,,,Unknown
Humpback whale Megaptera novaeangliae song reveals wintering activity in the Northwestern Hawaiian Islands,Marc O. Lammers; Pollyanna I. Fisher-Pool; Whitlow W. L. Au; Carl G. Meyer; Kevin B. Wong; Russell E. Brainard,2011,10.3354/meps08959,01718630,,Hawaiian Archipelago
Differences in reef fish assemblages between populated and remote reefs spanning multiple archipelagos across the Central and Western Pacific,I. D. Williams; B. L. Richards; S. A. Sandin; J. K. Baum; R. E. Schroeder; M. O. Nadon; B. J. Zgliczynski; P. Craig; J. E. McIlwain; R. E. Brainard,2011,,,,Pacific-wide
"Widespread Dispersal of the Crown-of-Thorns Sea Star, Acanthaster planci , across the Hawaiian Archipelago and Johnston Atoll",Molly A. Timmers; Kimberly R. Andrews; Chris E. Bird; Marta J. DeMaintenton; Russell E. Brainard; Robert J. Toonen,2011,10.1155/2011/934269,1687-9481,http://www.hindawi.com/journals/jmb/2011/934269/,Hawaiian Archipelago
Effects of volcanic ash deposits on four functional groups of a coral reef,Peter S. Vroom; Brian J. Zgliczynski,2011,10.1007/s00338-011-0793-8,0722-4028,http://link.springer.com/10.1007/s00338-011-0793-8,Unknown
Global mismatch between research effort and conservation needs of tropical coral reefs,R. Fisher; B. T. Radford; N. Knowlton; R. E. Brainard; F. B. Michaelis; M. J. Caley,2011,10.1111/j.1755-263X.2010.00146.x,,,Unknown
Environmental Factors Affecting Large-Bodied Coral Reef Fish Assemblages in the Mariana Archipelago,B. L. Richards; I. D. Williams; O. J. Vetter; G. J. Williams,2012,10.1371/journal.pone.0031374,,,Mariana Archipelago
Re-Creating Missing Population Baselines for Pacific Reef Sharks,M. O. Nadon; J. K. Baum; I. D. Williams; J. M. McPherson; B. J. Zgliczynski; B. L. Richards; R. E. Schroeder; R. E. Brainard,2012,10.1111/j.1523-1739.2012.01835.x,,,Pacific-wide
Comparison of Coral Reef Ecosystems along a Fishing Pressure Gradient,M. Weijerman; E. A. Fulton; F. A. Parrish,2013,10.1371/journal.pone.0063797,,,Unknown
"Severe, widespread El Niño-associated coral bleaching in the US Phoenix Islands",Bernardo Vargas-Ángel; Erin E. Looney; Oliver J. Vetter; Edmund F. Coccagna,2011,10.5343/bms.2010.1095,00074977,,Unknown
"First records of marine benthic algae from Swains Island, American Samoa",Roy T. Tsuda; Jack R. Fisher; Peter S. Vroom,2011,,,,American Samoa
Coral Reef Ecosystem Monitoring Report for the Mariana Archipelago: 2003 – 2007,R. E. Brainard; J. Asher; V. Blyth-Skyrme; E. F. Coccagna; K. Dennis; M. K. Donovan; J. M. Gove; J. Kenyon; E. E. Looney; J. E. Miller; M. A. Timmers; B. Vargas-Angel; P. S. Vroom; O. Vetter; B. Zgliczynski; T. Acoba; A. DesRochers; M. J. Dunlap; E. C. Franklin; P. I. Fisher-Pool; C. L. Braun; B. L. Richards; S. A. Schopmeyer; R. E. Schroeder; A. Toperoff; M. Weijerman; I. Williams; R. D. Withall,2012,,,,Mariana Archipelago
"Status of Coral Reef Fish Assemblages and Benthic Condition Around Guam: A Report Based on Underwater Visual Surveys in Guam and the Mariana Archipelago, April-June 2011",Ivor Williams; Jill Zamzow; Kevin Lino; Marie Ferguson; Emily Donham,2012,,,,Mariana Archipelago
Diel Variability in Seawater pH Relates to Calcification and Benthic Community Structure on Coral Reefs,Nichole N. Price; Todd R. Martz; Russell E. Brainard; Jennifer E. Smith; Simon Thrush,2012,10.1371/journal.pone.0043843,1932-6203,http://dx.plos.org/10.1371/journal.pone.0043843,Unknown
“Coral Dominance”: A Dangerous Ecosystem Misnomer?,Peter S. Vroom,2011,10.1155/2011/164127,1687-9481,,Unknown
Using DNA Barcoding and Standardized Sampling to Compare Geographic and Habitat Differentiation of Crustaceans: A Hawaiian Islands Example,Laetitia Plaisance; Russell Brainard; M. Julian Caley; Nancy Knowlton,2011,10.3390/d3040581,1424-2818,http://www.mdpi.com/1424-2818/3/4/581/,Hawaiian Archipelago
Range Extensions for Several Species of Acropora in the Hawaiian Archipelago and the Papahānaumokuākea Marine National Monument,Jacob Asher; James Maragos; Jean Kenyon; Bernardo Vargas-Ángel; Edmund Coccagna,2012,10.5343/bms.2011.1079,00074977,http://openurl.ingenta.com/content/xref?genre=article&issn=0007-4977&volume=88&issue=2&spage=337,Hawaiian Archipelago
GhostNet marine debris survey in the Gulf of Alaska – Satellite guidance and aircraft observations,William G. Pichel; Timothy S. Veenstra; James H. Churnside; Elena Arabini; Karen S. Friedman; David G. Foley; Russell E. Brainard; Dale Kiefer; Simeon Ogle; Pablo Clemente-Colón; Xiaofeng Li,2012,10.1016/j.marpolbul.2011.10.009,0025326X,http://linkinghub.elsevier.com/retrieve/pii/S0025326X11005492,Unknown
There's No Place Like Home: Crown-of-Thorns Outbreaks in the Central Pacific Are Regionally Derived and Independent Events,Molly A. Timmers; Christopher E. Bird; Derek J. Skillings; Peter E. Smouse; Robert J. Toonen; Sharyn Jane Goldstien,2012,10.1371/journal.pone.0031159,1932-6203,http://dx.plos.org/10.1371/journal.pone.0031159,Pacific-wide
"Floristic Account of the Marine Benthic Algae from Jarvis Island and Kingman Reef, Line Islands, Central Pacific",Roy T. Tsuda; Jack R. Fisher; Peter S. Vroom,2012,,,,Pacific Remote Island Areas
Monitoring supports establishment of Pacific Remote Islands Marine National Monument,Jean Kenyon; James Maragos; Peter Vroom,2012,,,,Pacific-wide
Patterns in Benthic Coral Reef Communities at Pearl and Hermes Atoll along a Wave-Exposure Gradient 1,Kimberly N. Page-Albins; Peter S. Vroom; Ronald Hoeke; Mark A. Albins; Celia M. Smith,2012,10.2984/66.4.6,0030-8870,http://www.bioone.org/doi/abs/10.2984/66.4.6,Unknown
New marine algal records from the Polynesia–Micronesia region of the Pacific Ocean,Roy T. Tsuda; Peter S. Vroom; Kimberly N. Page-Albins,2012,10.1017/S1755267212000024,1755-2672,http://www.journals.cambridge.org/abstract_S1755267212000024,Pacific-wide
Assessing Coral Reefs on a Pacific-Wide Scale Using the Microbialization Score,Tracey McDole; James Nulton; Katie L. Barott; Ben Felts; Carol Hand; Mark Hatay; Hochul Lee; Marc O. Nadon; Bahador Nosrat; Peter Salamon; Barbara Bailey; Stuart a Sandin; Bernardo Vargas-Angel; Merry Youle; Brian J. Zgliczynski; Russell E. Brainard; Forest Rohwer,2012,10.1371/journal.pone.0043233,19326203,,Pacific-wide
Incorporating climate change and ocean acidification into an ecosystem approach to fisheries management (EAFM) plan,A. Heenan; R. Pomeroy; R. Brainard; A. Amri; P. Alino; N. Armada; J. Bell; W. Cheung; L. David; R. Guieb; S. Green; J. Jompa; T. Leonardo; C. Logan; S. Mamauag; P. Munday; B. Parker; J. Shackeroff; Z. Yasi; 2017] Incorporating Climate; Ocean Change Into an Ecosystem Approach to Fisheries Management (EAFM) Plan Incorporating climate change; Hawaii: The ocean acidification into an ecosystem approach to fisheries [management (EAFM) plan. Publication. Honolulu,2013,,,,Unknown
Coral Triangle Regional Ecosystem Approach to Fisheries Management (EAFM) Guidelines,R. Pomeroy; R. Brainard; M. Moews; A. Heenan; J. Shackeroff; N. Armada,2013,,,,Unknown
Toward ecosystem-based coastal area and fisheries management in the Coral Triangle: Integrated strategies and guidance.,K. R. Flower; S. R. Atkinson; R. Brainard; C. Courtney; B. A. Parker; J. Parks; R. Pomeroy; A. White,2013,,,,Unknown
Incorporating Climate and Ocean Change into Extinction Risk Assessments for 82 Coral Species,Russell E. Brainard; Mariska Weijerman; C. Mark Eakin; Paul Mcelhany; Margaret W. Miller; Matt Patterson; Gregory A. Piniak; Matthew J. Dunlap; Charles Birkeland,2013,10.1111/cobi.12171,15231739,,Unknown
Estimating Catch Weight of Reef Fish Species Using Estimation and Intercept Data from the Hawaii Marine Recreational Fishing Survey,Ivor Williams; Hongguang Ma,2013,,,,Hawaiian Archipelago
Coral reef baselines: How much macroalgae is natural?,John F. Bruno; William F. Precht; Peter S. Vroom; Richard B. Aronson,2014,10.1016/j.marpolbul.2014.01.010,0025326X,http://dx.doi.org/10.1016/j.marpolbul.2014.01.010,Unknown
Safety in Numbers? Abundance May Not Safeguard Corals from Increasing Carbon Dioxide,Charles Birkeland; M. W. Margaret W. Miller; Gregory A. G. A. Piniak; C. M. Mark Eakin; Mariska Weijerman; P. McElhany; M. Dunlap; R. E. Brainard; Charles Birkeland; M. W. Margaret W. Miller; Gregory A. G. A. Piniak; C. M. Mark Eakin; Mariska Weijerman,2013,10.1525/bio.2013.63.12.9,00063568,https://academic.oup.com/bioscience/article-lookup/doi/10.1525/bio.2013.63.12.9,Unknown
Geographical partitioning of marine macrophyte assemblages in the tropical Pacific: A Result of local and regional diversity processes,Tom Schils; Peter S. Vroom; Aline D. Tribollet; Michael Dawson,2013,10.1111/jbi.12083,03050270,http://doi.wiley.com/10.1111/jbi.12083,Pacific-wide
The IUCN Red List of Threatened Species: An assessment of coral reef fishes in the US Pacific Islands,B. J. Zgliczynski; I. D. Williams; R. E. Schroeder; M. O. Nadon; B. L. Richards; S. a Sandin,2013,10.1007/s00338-013-1018-0,07224028,,Pacific-wide
Quantifying Climatological Ranges and Anomalies for Pacific Coral Reef Ecosystems,Jamison M. Gove; Gareth J. Williams; Margaret A. McManus; Scott F. Heron; Stuart A. Sandin; Oliver J. Vetter; David G. Foley; Christopher Fulton,2013,10.1371/journal.pone.0061974,1932-6203,http://dx.plos.org/10.1371/journal.pone.0061974,Pacific-wide
"Conservation management options and actions: Putative decline of coral cover at Palmyra Atoll, Northern Line Islands, as a case study",Jonathan P. A. Gardner; R. John Bartz; Russell E. Brainard; John D. Collen; Robert B. Dunbar; David W. Garton; Sam Powell,2014,10.1016/j.marpolbul.2014.05.013,0025326X,http://linkinghub.elsevier.com/retrieve/pii/S0025326X14002914,Pacific Remote Island Areas
Identifying multiple coral reef regimes and their drivers across the Hawaiian archipelago,J.-B. Jouffray; M. Nystrom; A. V. Norstrom; I. D. Williams; L. M. Wedding; J. N. Kittinger; G. J. Williams,2014,10.1098/rstb.2013.0268,0962-8436,http://rstb.royalsocietypublishing.org/content/370/1659/20130268 http://rstb.royalsocietypublishing.org/cgi/doi/10.1098/rstb.2013.0268,Hawaiian Archipelago
Monitoring herbivorous fishes as indicators of coral reef resilience in American Samoa,Adel Heenan; Ivor D. Williams,2013,10.1371/journal.pone.0079604,19326203,,American Samoa
Global assessment of the status of coral reef herbivorous fishes : evidence for fishing effects Global assessment of the status of coral reef herbivorous fishes : evidence for fishing effects,C. B. Edwards; A. M. Friedlander; A. L. Green; M. J. Hardt; E. Sala; H. P. Sweatman; I. D. Williams; B. Zgliczynski; S. A. Sandin; J. E. Smith,2013,,,,Unknown
Design and parameterization of a coral reef ecosystem model for Guam,M. Weijerman; I. Kaplan; E. Fulton; B. Gordon; S. Grafeld; R. Brainard,2014,,,,Mariana Archipelago
National Coral Reef Monitoring Plan,NOAA Coral Program,2014,,,,Unknown
"Reef Fish Brief: Papahanaumokuakea Marine National Monument, August 8  August 27, 2024",PMNM,2024,10.25923/fsst-mm37,,https://doi.org/10.25923/fsst-mm37,Hawaiian Archipelago
Pacific Reef Assessment and Monitoring Program; Data Report; Ecological monitoring 2022 reef fishes of the Mariana Archipelago,PIFSC,2022,10.25923/5933-k437,,https://doi.org/10.25923/5933-k437,Mariana Archipelago
Pacific Reef Assessment and Monitoring Program Data Report Ecological monitoring 2019 Reef fishes and benthic habitats of the main Hawaiian Islands,PIFSC,2019,10.25923/he4m-6n68,,https://doi.org/10.25923/he4m-6n68,Hawaiian Archipelago
Pacific Reef Assessment and Monitoring Program Data Report : Ecological monitoring 2018 reef fishes and benthic habitats of the Pacific Remote Islands Marine National Monument and American Samoa,PIFSC,2018,10.25923/0rg6-y073,,https://doi.org/10.25923/0rg6-y073,Pacific-wide
"Pacific Reef Assessment and Monitoring Program. Fish monitoring brief : northwestern Hawaiian Islands, 2016",PIFSC,2016,10.7289/V5/DR-PIFSC-17-030,,http://doi.org/10.7289/V5/DR-PIFSC-17-030,Hawaiian Archipelago
"Pacific Reef Assessment and Monitoring Program. Fish monitoring brief : Northern Mariana Islands, 2017",PIFSC,2017,10.7289/V5/DR-PIFSC-18-008,,http://doi.org/10.7289/V5/DR-PIFSC-18-008,Mariana Archipelago
"Pacific Reef Assessment and Monitoring Program - Data Report - Ecological Monitoring 2015 - reef fishes and benthic habitats of the main Hawaiian Islands, Northwestern Hawaiian Islands, Pacific Remote Island Areas and American Samoa",Kaylyn McCoy; Adel Heenan; Jacob Asher; Paula Ayotte; Kelvin Gorospe; Andrew Gray; Kevin Lino; Jill Zamzow; Ivor Williams,2016,10.13140/RG.2.1.4351.9122,,http://doi.org/10.13140/RG.2.1.4351.9122,Hawaiian Archipelago
"Pacific Reef Assessment and Monitoring Program Data Report Ecological monitoring 2016 - reef fishes and benthic habitats of the main Hawaiian Islands, Northwestern Hawaiian Islands, Pacific Remote Island Areas, and American Samoa",K. McCoy; A. Heenan; J. Asher; P. Ayotte; K. Gorospe; A. Gray; K. Lino; J. Zamzow; I. Williams,2017,10.7289/V5/DR-PIFSC-17-001,,http://doi.org/10.7289/V5/DR-PIFSC-17-001,Hawaiian Archipelago
"Pacific Reef Assessment and Monitoring Program Ecological monitoring 2017 -  reef fishes and benthic habitats of Marine National Monument, and the Mariana Archipelago",Kaylyn McCoy; Adel Heenan; Jacob Asher; Paula Ayotte; Kelvin Gorospe; Andrew Gray; Kevin Lino; JIll Zamzow; Ivor Williams,2018,10.7289/V5/DR-PIFSC-18-008,,http://doi.org/10.7289/V5/DR-PIFSC-18-008,Mariana Archipelago
"Pacific Reef Assessment and Monitoring Program - Data Report - Ecological Monitoring 2012-2013 - reef fishes and benthic habitats of the main Hawaiian Islands , American Samoa , and Pacific Remote Island Areas",Adel Heenan; Paula Ayotte; Andrew Gray; Kevin Lino; Kaylyn McCoy; Jill Zamzow; Ivor Williams,2014,10.7289/V55H7D81,,http://doi.org/10.7289/V55H7D81,Hawaiian Archipelago
Essential EAFM. Ecosystem Approach to Fisheries Management Training Course. Volume 1 - For Trainees,D. Staples; R. Brainard; S. Capezzuoli; S. Funge-Smith; C. Grose; A. Heenan; R. Hermes; P. Maurin; M. Moews; C. O’Brien; R. Pomeroy,2014,,,,Unknown
Using Expert Knowledge to Develop a Vulnerability and Adaptation Framework and Methodology for Application in Tropical Island Communities,Elizabeth Mcleod; Brian Szuster; Emma L. Tompkins; Nadine Marshall; Thomas Downing; Supin Wongbusarakum; Anand Patwardhan; Mo Hamza; Cheryl Anderson; Sukaina Bharwani; Lara Hansen; Pamela Rubinoff,2015,10.1080/08920753.2015.1046803,0892-0753,http://www.tandfonline.com/doi/full/10.1080/08920753.2015.1046803,Unknown
An integrated coral reef ecosystem model to support resource management under a changing climate,Mariska Weijerman; Elizabeth A. Fulton; Isaac C. Kaplan; Rebecca Gorton; Rik Leemans; Wolf M. Mooij; Russell E. Brainard,2015,10.1371/journal.pone.0144165,19326203,,Unknown
Coral macrobioerosion is accelerated by ocean acidification and nutrients,Thomas M. DeCarlo; Anne L. Cohen; Hannah C. Barkley; Quinn Cobban; Charles Young; Kathryn E. Shamberger; Russell E. Brainard; Yimnang Golbuu,2015,10.1130/G36147.1,19432682,http://geology.gsapubs.org/cgi/doi/10.1130/G36147.1,Unknown
Endangered species act listing: Three case studies of data deficiencies and consequences of ESA 'threatened' listing on research output,Mariska Weijerman; Charles Birkeland; Gregory A. G. A. Piniak; M. W. Margaret W. Miller; C. M. Mark Eakin; Paul McElhany; M. J. Matthew J. Dunlap; Matt Patterson; Russell E. R. E. Brainard,2014,10.1016/j.cosust.2013.11.026,18773435,http://dx.doi.org/10.1016/j.cosust.2013.11.026,Unknown
Commonness and rarity in the marine biosphere,S. R. Connolly; M. A. MacNeil; M. J. Caley; N. Knowlton; E. Cripps; M. Hisano; L. M. Thibaut; B. D. Bhattacharya; L. Benedetti-Cecchi; R. E. Brainard; A. Brandt; F. Bulleri; K. E. Ellingsen; S. Kaiser; I. Kroncke; K. Linse; E. Maggi; T. D. O'Hara; L. Plaisance; G. C. B. Poore; S. K. Sarkar; K. K. Satpathy; U. Schuckel; A. Williams; R. S. Wilson,2014,10.1073/pnas.1406664111,0027-8424,http://www.pnas.org/cgi/doi/10.1073/pnas.1406664111,Unknown
A Comparison of Rapid Visual Assessments and Photo- Quadrat Analyses to Monitor Coral Reef Habitats Data Report,K. McCoy; I. Williams; A. Heenan,2015,,,,Unknown
"Characterizing the Natural System: Toward Sustained, Integrated Coastal Ocean Acidification Observing Networks to Facilitate Resource Management and Decision Support",Simone Alin; Russell Brainard; Nichole Price; Jan Newton; Anne Cohen; William Peterson; Eric DeCarlo; Elizabeth Shadwick; Scott Noakes; Nina Bednaršek,2015,10.5670/oceanog.2015.34,10428275,http://tos.org/oceanography/article/characterizing-the-natural-system-toward-sustained-integrated-coastal-ocean,Unknown
Latitudinal Trends and Drivers in the CO2–Carbonic Acid System of Papahānaumokuākea Marine National Monument,Andrea K. Kealoha; Samuel E. Kahng; Fred T. Mackenzie; Simone R. Alin; Randall K. Kosaki; Russell E. Brainard; Christopher D. Winn,2015,10.1007/s10498-015-9273-z,1380-6165,http://link.springer.com/10.1007/s10498-015-9273-z,Hawaiian Archipelago
Shift from coral to macroalgae dominance on a volcanically acidified reef,I. C. Enochs; D. P. Manzello; E. M. Donham; G. Kolodziej; R. Okano; L. Johnston; C. Young; J. Iguel; C. B. Edwards; M. D. Fox; L. Valentino; S. Johnson; D. Benavente; S. J. Clark; R. Carlton; T. Burton; Y. Eynaud; N. N. Price,2015,10.1038/nclimate2758,1758-678X,http://www.nature.com/doifinder/10.1038/nclimate2758,Unknown
"Marine Benthic Algae from Seamounts along the Mariana Islands, Western Pacific",Roy T. Tsuda; Peter S. Vroom; Kimberly N. Page-Albins; Louise Giuseffi,2015,,,,Mariana Archipelago
How models can support ecosystem-based management of coral reefs,Mariska Weijerman; Elizabeth A. Fulton; Annette B. G. Janssen; Jan J. Kuiper; Rik Leemans; Barbara J. Robson; Ingrid A. van de Leemput; Wolf M. Mooij,2015,10.1016/j.pocean.2014.12.017,00796611,,Unknown
Baseline Assessment of Net Calcium Carbonate Accretion Rates on U.S. Pacific Reefs,Bernardo Vargas-Ángel; Cristi L. Richards; Peter S. Vroom; Nichole N. Price; Tom Schils; Charles W. Young; Jennifer Smith; Maggie D. Johnson; Russell E. Brainard; Christian R. Voolstra,2015,10.1371/journal.pone.0142196,1932-6203,http://dx.plos.org/10.1371/journal.pone.0142196,Pacific-wide
NOAA Fisheries Climate science strategy,J. R. Link; D. S. Griffis; D. S. Busch,2015,,,,Unknown
Towards automated annotation of benthic survey images: Variability of human experts and operational modes of automation,Oscar Beijbom; Peter J. Edmunds; Chris Roelfsema; Jennifer Smith; David I. Kline; Benjamin P. Neal; Matthew J. Dunlap; Vincent Moriarty; Tung Yung Fan; Chih Jui Tan; Stephen Chan; Tali Treibitz; Anthony Gamst; B. Greg Mitchell; David Kriegman,2015,10.1371/journal.pone.0130312,19326203,,Unknown
"A climate-informed, ecosystem approach to fisheries management",Adel Heenan; Robert Pomeroy; Johann Bell; Philip L. Munday; William Cheung; Cheryl Logan; Russell Brainard; Affendi Yang Amri; Porfirio Aliño; Nygiel Armada; Laura David; Rebecca Rivera-Guieb; Stuart Green; Jamaluddin Jompa; Teresa Leonardo; Samuel Mamauag; Britt Parker; Janna Shackeroff; Zulfigar Yasin,2015,10.1016/j.marpol.2015.03.018,0308597X,http://linkinghub.elsevier.com/retrieve/pii/S0308597X15000676,Unknown
Recovery potential of the world's coral reef fishes,M. Aaron MacNeil; Nicholas A. J. Graham; Joshua E. Cinner; Shaun K. Wilson; Ivor D. Williams; Joseph Maina; Steven Newman; Alan M. Friedlander; Stacy Jupiter; Nicholas V. C. Polunin; Tim R. McClanahan,2015,,0028-0836,http://dx.doi.org/10.1038/nature14358 10.1038/nature14358 http://www.nature.com/nature/journal/v520/n7547/abs/nature14358.html#supplementary-information,Unknown
Depth Derivation Using Multispectral WorldView-2 Satellite Imagery,Julia S. Ehses; John J. Rooney,2015,,,,Unknown
Ecosystem monitoring for ecosystem-based management: Using a polycentric approach to balance information trade-offs,Adel Heenan; Kelvin Gorospe; Ivor Williams; Arielle Levine; Paulo Maurin; Thomas Oliver; John Rooney; Molly Timmers; Supin Wongbusarakum; Russell Brainard,2016,10.1111/1365-2664.12633,1365-2664,http://onlinelibrary.wiley.com/doi/10.1111/1365-2664.12633/pdf,Unknown
Near-island biological hotspots in barren ocean basins,Jamison M. Gove; Margaret A. McManus; Anna B. Neuheimer; Jeffrey J. Polovina; Jeffrey C. Drazen; Craig R. Smith; Mark A. Merrifield; Alan M. Friedlander; Julia S. Ehses; Charles W. Young; Amanda K. Dillon; Gareth J. Williams,2016,10.1038/ncomms10581,2041-1723,http://dx.doi.org/10.1038/ncomms10581 http://www.nature.com/doifinder/10.1038/ncomms10581,Unknown
Comparison of Reef Fish Survey Data Gathered by Open and Closed Circuit SCUBA Divers Reveals Differences in Areas With Higher Fishing Pressure,Andrew E. Gray; Ivor D. Williams; Kostantinos A. Stamoulis; Raymond C. Boland; Kevin C. Lino; Brian B. Hauk; Jason C. Leonard; John J. Rooney; Jacob M. Asher; Keolohilani H. Lopes; Randall K. Kosaki,2016,10.1371/journal.pone.0167724,1932-6203,http://dx.plos.org/10.1371/journal.pone.0167724,Unknown
"Exploring, exploiting and evolving diversity of aquatic ecosystem models: a community perspective",Annette B. G. Janssen; George B. Arhonditsis; Arthur Beusen; Karsten Bolding; Louise Bruce; Jorn Bruggeman; Raoul Marie Couture; Andrea S. Downing; J. Alex Elliott; Marieke A. Frassl; Gideon Gal; Daan J. Gerla; Matthew R. Hipsey; Fenjuan Hu; Stephen C. Ives; Jan H. Janse; Erik Jeppesen; Klaus D. J??hnk; David Kneis; Xiangzhen Kong; Jan J. Kuiper; Moritz K. Lehmann; Carsten Lemmen; Deniz ??zkundakci; Thomas Petzoldt; Karsten Rinke; Barbara J. Robson; Ren?? Sachse; Sebastiaan A. Schep; Martin Schmid; Huub Scholten; Sven Teurlincx; Dennis Trolle; Tineke A. Troost; Anne A. Van Dam; Luuk P. A. Van Gerven; Mariska Weijerman; Scott A. Wells; Wolf M. Mooij,2015,10.1007/s10452-015-9544-1,13862588,,Unknown
Species Richness on Coral Reefs and the Pursuit of Convergent Global Estimates,Rebecca Fisher; Rebecca A. O’Leary; Samantha Low-Choy; Kerrie Mengersen; Nancy Knowlton; Russell E. Brainard; M. Julian Caley,2015,10.1016/j.cub.2014.12.022,09609822,http://linkinghub.elsevier.com/retrieve/pii/S0960982214016236,Unknown
"Pacific Reef Assessment and Monitoring Program - Data Report - Ecological Monitoring 2014 - stationary point count surveys of the Northwestern Hawaiian Islands, Mariana Islands, and Wake Atoll",Adel Heenan; Kaylyn McCoy; Jacob Asher; Paula Ayotte; Kelvin Gorospe; Andrew Gray; Kevin Lino; Jill Zamzow; Ivor D. Williams,2015,10.7289/V5GT5K6B,,http://doi.org/10.7289/V5GT5K6B,Hawaiian Archipelago
Bright spots among the world’s coral reefs,Joshua E. Cinner; Cindy Huchery; M. Aaron MacNeil; Nicholas A. J. Graham; Tim R. McClanahan; Joseph Maina; Eva Maire; John N. Kittinger; Christina C. Hicks; Camilo Mora; Edward H. Allison; Stephanie D’Agata; Andrew Hoey; David A. Feary; Larry Crowder; Ivor D. Williams; Michel Kulbicki; Laurent Vigliola; Laurent Wantiez; Graham Edgar; Rick D. Stuart-Smith; Stuart A. Sandin; Alison L. Green; Marah J. Hardt; Maria Beger; Alan Friedlander; Stuart J. Campbell; Katherine E. Holmes; Shaun K. Wilson; Eran Brokovich; Andrew J. Brooks; Juan J. Cruz-Motta; David J. Booth; Pascale Chabanet; Charlie Gough; Mark Tupper; Sebastian C. A. Ferse; U. Rashid Sumaila; David Mouillot,2016,10.1038/nature18607,0028-0836,http://www.nature.com/doifinder/10.1038/nature18607,Unknown
"An assessment of shallow and mesophotic reef brachyuran crab assemblages on the south shore of O‘ahu, Hawai‘i",Kaleonani K. C. Hurley; Molly A. Timmers; L. Scott Godwin; Joshua M. Copus; Derek J. Skillings; Robert J. Toonen,2016,10.1007/s00338-015-1382-z,0722-4028,http://link.springer.com/10.1007/s00338-015-1382-z,Hawaiian Archipelago
Comparison of equatorial Pacific sea surface temperature variability and trends with Sr/Ca records from multiple corals,Alice E. Alpert; Anne L. Cohen; Delia W. Oppo; Thomas M. DeCarlo; Jamison M. Gove; Charles W. Young,2016,10.1002/2015PA002897,08838305,http://doi.wiley.com/10.1002/2015PA002897,Pacific-wide
Towards an ecosystem-based approach of Guam's coral reefs: The human dimension,Mariska Weijerman; Cynthia Grace-McCaskey; Shanna L. Grafeld; Dawn M. Kotowicz; Kirsten L. L. Oleson; Ingrid E. van Putten,2016,10.1016/j.marpol.2015.09.028,0308597X,,Mariana Archipelago
Investigating functional redundancy versus complementarity in Hawaiian herbivorous coral reef fishes,Emily L. A. Kelly; Yoan Eynaud; Samantha M. Clements; Molly Gleason; Russell T. Sparks; Ivor D. Williams; Jennifer E. Smith,2016,10.1007/s00442-016-3724-0,0029-8549,http://link.springer.com/10.1007/s00442-016-3724-0,Hawaiian Archipelago
Re-evaluating the health of coral reef communities : baselines and evidence for human impacts across the central Pacific,Jennifer E. Smith; Rusty Brainard; Amanda Carter; Saray Dugas; Clinton Edwards; Jill Harris; Levi Lewis; David Obura; Forest Rohwer; Enric Sala; Peter S. Vroom; Stuart Sandin,2016,10.1098/rspb.2015.1985,0962-8452,,Pacific-wide
Divers' willingness to pay for improved coral reef conditions in Guam: An untapped source of funding for management and conservation?,Shanna Grafeld; Kirsten Oleson; Michele Barnes; Marcus Peng; Catherine Chan; Mariska Weijerman,2016,10.1016/j.ecolecon.2016.05.005,09218009,http://dx.doi.org/10.1016/j.ecolecon.2016.05.005,Mariana Archipelago
Natural bounds on herbivorous coral reef fishes,Adel Heenan; Andrew S. Hoey; Gareth J. Williams; Ivor D. Williams,2016,10.1098/rspb.2016.1716,0962-8452,http://rspb.royalsocietypublishing.org/lookup/doi/10.1098/rspb.2016.1716,Unknown
"Responses of Herbivorous Fishes and Benthos to 6 Years of Protection at the Kahekili Herbivore Fisheries Management Area , Maui",Ivor D. Williams; Darla J. White; Russell T. Sparks; Kevin C. Lino; Jill P. Zamzow; Emily L. A. Kelly; Hailey L. Ramey,2016,10.1371/journal.pone.0159100,1932-6203,,Hawaiian Archipelago
Energetic differences between bacterioplankton trophic groups and coral reef resistance,Tracey McDole Somera; Barbara Bailey; Katie Barott; Juris Grasis; Mark Hatay; Brett J. Hilton; Nao Hisakawa; Bahador Nosrat; James Nulton; Cynthia B. Silveira; Chris Sullivan; Russell E. Brainard; Forest Rohwer,2016,10.1098/rspb.2016.0467,14712954,http://rspb.royalsocietypublishing.org/content/283/1829/20160467.abstract,Unknown
Finding the way to the top: How the composition of oceanic mid-trophic micronekton groups determines apex predator biomass in the central North Pacific,C. Anela Choy; Colette C. C. Wabnitz; Mariska Weijerman; Phoebe A. Woodworth-Jefcoats; Jeffrey J. Polovina,2016,10.3354/meps11680,01718630,,Pacific-wide
Management strategy evaluation applied to coral reef ecosystems in support of ecosystem-based management,Mariska Weijerman; Elizabeth A. Fulton; Russell E. Brainard,2016,10.1371/journal.pone.0152577,19326203,,Unknown
"Trends in biomass of coral reef fishes, derived from shore-based creel surveys in Guam",Mariska Weijerman; Ivor Williams; Jay Gutierrez; Shanna Grafeld; Brent Tibbatts; Gerry Davis,2016,10.7755/FB.114.2.9,00900656,http://fishbull.noaa.gov/1142/weijerman.pdf,Mariana Archipelago
Atlantis Ecosystem Model Summit: Report from a workshop,M. Weijerman; J. S. Link; E. A. Fulton; E. Olsen; H. Townsend; S. Gaichas; C. Hansen; M. Skern-Mauritzen; I. C. Kaplan; R. Gamble; G. Fay; M. Savina; C. Ainsworth; I. van Putten; R. Gorton; R. Brainard; K. Larsen; T. Hutton,2016,10.1016/j.ecolmodel.2016.05.007,03043800,http://dx.doi.org/10.1016/j.ecolmodel.2016.05.007,Unknown
Humans and seasonal climate variability threaten large-bodied coral reef fish with small ranges,C. Mellin; D. Mouillot; M. Kulbicki; T. R. McClanahan; L. Vigliola; C. J. A. Bradshaw; R. E. Brainard; P. Chabanet; G. J. Edgar; D. A. Fordham; A. M. Friedlander; V. Parravicini; A. M. M. Sequeira; R. D. Stuart-Smith; L. Wantiez; M. J. Caley,2016,10.1038/ncomms10491,2041-1723,http://www.nature.com/doifinder/10.1038/ncomms10491,Unknown
Fishing degrades size structure of coral reef fish communities,James P. W. Robinson; Ivor D. Williams; Andrew M. Edwards; Jana McPherson; Lauren Yeager; Laurent Vigliola; Russell E. Brainard; Julia K. Baum,2016,10.1111/gcb.13482,13541013,http://doi.wiley.com/10.1111/gcb.13482,Unknown
Lytic to temperate switching of viral communities,B. Knowles; C. B. Silveira; B. A. Bailey; K. Barott; V. A. Cantu; A. G. Cobián-Güemes; F. H. Coutinho; E. A. Dinsdale; B. Felts; K. A. Furby; E. E. George; K. T. Green; G. B. Gregoracci; A. F. Haas; J. M. Haggerty; E. R. Hester; N. Hisakawa; L. W. Kelly; Y. W. Lim; M. Little; A. Luque; T. McDole-Somera; K. McNair; L. S. de Oliveira; S. D. Quistad; N. L. Robinett; E. Sala; P. Salamon; S. E. Sanchez; S. Sandin; G. G. Z. Silva; J. Smith; C. Sullivan; C. Thompson; M. J. A. Vermeij; M. Youle; C. Young; B. Zgliczynski; R. Brainard; R. A. Edwards; J. Nulton; F. Thompson; F. Rohwer,2016,10.1038/nature17193,0028-0836,http://dx.doi.org/10.1038/nature17193,Unknown
Acoustic Characterization of Mesophotic Coral Reef Ecosystems of West Hawaiʻi,Rhonda R. Suka; John J. Rooney,2017,,,,Hawaiian Archipelago
The mobilization of science and technology fisheries innovations towards an ecosystem approach to fisheries management in the Coral Triangle and Southeast Asia,Kelvin D. Gorospe; William Michaels; Robert Pomeroy; Christopher Elvidge; Patrick Lynch; Supin Wongbusarakum; Russell E. Brainard,2016,10.1016/j.marpol.2016.09.014,0308-597X,http://dx.doi.org/10.1016/j.marpol.2016.09.014,Unknown
Climate science strategy of the US National Marine Fisheries Service,D. Shallin Busch; Roger Griffis; Jason Link; Karen Abrams; Jason Baker; Russell E. Brainard; Michael Ford; Jonathan A. Hare; Amber Himes-Cornell; Anne Hollowed; Nathan J. Mantua; Sam McClatchie; Michelle McClure; Mark W. Nelson; Kenric Osgood; Jay O. Peterson; Michael Rust; Vincent Saba; Michael F. Sigler; Seth Sykora-Bodie; Christopher Toole; Eric Thunberg; Robin S. Waples; Richard Merrick,2016,10.1016/j.marpol.2016.09.001,0308597X,http://linkinghub.elsevier.com/retrieve/pii/S0308597X16305723,Unknown
Comparative application of trophic ecosystem models to evaluate drivers of endangered Hawaiian monk seal populations,M. Weijerman; S. Robinson; F. Parrish; J. Polovina; C. Littnan,2017,10.3354/meps12320,01718630,,Hawaiian Archipelago
Coral reef ecosystems of the Pacific Remote Islands Marine National Monument: a 2000-2016 overview,S. Boyle; V. De Anda; K. Koenig; E. O'Reilly; T. Schafer; T. Acoba; Amanda K. Dillon; A. Heenan; T. Oliver; D. Swanson; B. Vargas-Angel; M. Weijerman; I. Williams; L. Wegley Kelly; R. Brainard,2017,,,http://www.fpir.noaa.gov/MNM/mnm_prias.html,Pacific-wide
"Linking local and national data to improve marine managed area monitoring and data quality in Tutuila, American Samoa : a feasibility report.",Adel Heenan; Kelvin Gorospe; Arielle Levine; Jeremy Raynal; Alice Lawrence,2017,,,,American Samoa
An Assessment of Mobile Predator Populations along Shallow and Mesophotic Depth Gradients in the Hawaiian Archipelago,Jacob Asher; Ivor D. Williams; Euan S. Harvey,2017,10.1038/s41598-017-03568-1,2045-2322,http://www.nature.com/articles/s41598-017-03568-1,Hawaiian Archipelago
"The importance of standardization for biodiversity comparisons: A case study using autonomous reef monitoring structures (ARMS) and metabarcoding to measure cryptic diversity on Mo’orea coral reefs, French Polynesia",Emma Ransome; Jonathan B. Geller; Molly Timmers; Matthieu Leray; Angka Mahardini; Andrianus Sembiring; Allen G. Collins; Christopher P. Meyer; Chaolun Allen Chen,2017,10.1371/journal.pone.0175066,1932-6203,http://dx.plos.org/10.1371/journal.pone.0175066,Unknown
Ecological data from observer programmes underpin ecosystem-based fisheries management,Eric Gilman; Mariska Weijerman; Petri Suuronen,2017,10.1093/icesjms/fsx032,1054-3139,https://academic.oup.com/icesjms/article-lookup/doi/10.1093/icesjms/fsx032,Unknown
Interdisciplinary baseline ecosystem assessment surveys to inform ecosystem-based management planning in Timor-Leste: Final Report,Annette DesRochers; Julia S. Ehses; Brittany E. Huntington; Kaylyn McCoy; Megan Moews-Asher; Thomas Oliver; Max Sudnovsky; Rhonda R. Suka; Molly Timmers; Bernardo Vargas-Ángel; Russell Brainard,2017,,,https://www.pifsc.noaa.gov/library/pubs/SP-17-002.pdf,Unknown
Analysis of Benthic Survey Images via CoralNet: A Summary of Standard Operating Procedures and Guidelines,Paula Lozada-Misa; Brett D. Schumacher; Bernardo Vargas-Ángel,2017,,,,Unknown
Long-term monitoring of coral reef fish assemblages in the Western Central Pacific,Adel Heenan; Ivor D. Williams; Tomoko Acoba; Annette DesRochers; Randall K. Kosaki; Troy Kanemura; Marc O. Nadon; Russell E. Brainard,2017,10.1038/sdata.2017.176,2052-4463,http://www.nature.com/articles/sdata2017176,Pacific-wide
"A budget of algal production and consumption by herbivorous fish in an herbivore fisheries management area, Maui, Hawaii",Emily L. A. Kelly; Yoan Eynaud; Ivor D. Williams; Russell T. Sparks; Meghan L. Dailer; Stuart A. Sandin; Jennifer E. Smith,2017,10.1002/ecs2.1899,21508925,http://doi.wiley.com/10.1002/ecs2.1899,Hawaiian Archipelago
Mesophotic Depth Gradients Impact Reef Fish Assemblage Composition and Functional Group Partitioning in the Main Hawaiian Islands,Jacob Asher; Ivor D. Williams; Euan S. Harvey,2017,10.3389/fmars.2017.00098,2296-7745,http://journal.frontiersin.org/article/10.3389/fmars.2017.00098/full,Hawaiian Archipelago
Local Biomass Baselines and the Recovery Potential for Hawaiian Coral Reef Fish Communities,Kelvin D. Gorospe; Megan J. Donahue; Adel Heenan; Jamison M. Gove; Ivor D. Williams; Russell E. Brainard,2018,10.3389/fmars.2018.00162,22967745,,Hawaiian Archipelago
Structure from Motion ( SfM ) Pilot Study,Rhonda R. Suka; I. D. Williams,2018,,,,Unknown
"Identifying coral reef resilience potential in Tutuila, American Samoa based on NOAA coral reef monitoring data",Brett Schumacher; Bernardo Vargas-Angel; Scott Fraser Heron,2018,,,https://repository.library.noaa.gov/view/noaa/17371,American Samoa
Marine Benthic Macroalgae of a Small Uninhabited South Pacific Atoll,Martha C. Diaz Ruiz; Peter S. Vroom; Roy T. Tsuda,2018,,,,Pacific-wide
A Survey Design Performance Analysis Examining Linkages between Reef Fish Assemblages and Benthic Morphologies in the Main Hawaiian Islands,Kelvin D. Gorospe; Tomoko S. Acoba,2017,,,ftp://ftp.library.noaa.gov/noaa_documents.lib/NMFS/PIFSC/TM_NMFS_PIFSC/NOAA_Tech_Memo_PIFSC_64.pdf,Hawaiian Archipelago
Evaluating management strategies to optimise coral reef ecosystem services,M. Weijerman; J. M. Gove; I. D. Williams; W. J. Walsh; D. Minton; J. J. Polovina,2018,10.1111/1365-2664.13105,13652664,,Unknown
Estimating nearshore coral reef-associated fisheries production from the main Hawaiian Islands,Kaylyn S. McCoy; Ivor D. Williams; Alan M. Friedlander; Hongguang Ma; Lida Teneva; John N. Kittinger,2018,10.1371/journal.pone.0195840,1932-6203,http://dx.plos.org/10.1371/journal.pone.0195840,Hawaiian Archipelago